tmc_corridor_name,demand_period,links,vol0,speed0,DoC0,max_P0,vol,speed,Doc,P,diff_vol,diff_spd,diff_Doc,diff_P,d%_vol,d%_spd,
201065AB,PM,1,3782.11,34.5768,0.737966,0.597478,4199.31,38.3843,0.546248,0.35882,417.209,3.80748,-0.191718,-0.238659,11.0311,11.0116,
201065BA,PM,1,3973.88,36.7402,0.735903,0.921717,4324.56,40.1292,0.533896,0.535027,350.68,3.38897,-0.202007,-0.38669,8.82464,9.22415,
AZ-303-LOOP-NORTHBOUND,PM,8,1490.47,67.0395,0.11092,0.0397217,1496.91,67.0342,0.111304,0.0397217,6.43837,-0.00531197,0.000383635,0,0.431969,-0.00792363,
AZ-303-LOOP-SOUTHBOUND,PM,7,2979.46,64.8687,0.23041,0.132058,2988.52,64.8588,0.230956,0.132058,9.06128,-0.00988988,0.000546824,0,0.304125,-0.015246,
US-60-EASTBOUND,PM,14,2667.81,37.8427,0.458737,2.09795,2844.01,37.6253,0.470864,2.09795,176.206,-0.217432,0.0121265,-6.8427e-09,6.60489,-0.574568,
US-60-WESTBOUND,PM,14,2618.93,38.0809,0.398128,0.92182,2781.95,37.9855,0.405367,1.06389,163.024,-0.0953802,0.00723855,0.142065,6.22483,-0.250467,
