tmc_corridor_name,demand_period,links,vol0,speed0,DoC0,max_P0,vol,speed,Doc,P,diff_vol,diff_spd,diff_Doc,diff_P,d%_vol,d%_spd,
201065AB,PM,1,3529.88,35.5515,0.688751,0.531516,3951.11,39.0181,0.513962,0.323615,421.237,3.46658,-0.174789,-0.207901,11.9335,9.75086,
201065BA,PM,1,3113.08,39.4299,0.576496,0.609378,3205.28,42.2773,0.395713,0.32203,92.1968,2.84736,-0.180783,-0.287348,2.96159,7.22132,
AZ-303-LOOP-NORTHBOUND,PM,8,2214.99,66.279,0.161246,0.0655793,2217.76,66.2761,0.161412,0.0655793,2.77612,-0.00296783,0.000165417,0,0.125334,-0.00447779,
AZ-303-LOOP-SOUTHBOUND,PM,7,2380.68,65.9195,0.181295,0.0799126,2389.8,65.9097,0.181846,0.0799126,9.12266,-0.00986263,0.000550528,0,0.383196,-0.0149616,
US-60-EASTBOUND,PM,14,2314.78,38.719,0.40244,1.96194,2492.77,38.491,0.416038,1.96194,177.988,-0.228044,0.0135984,-7.66309e-09,7.6892,-0.588971,
US-60-WESTBOUND,PM,14,2014.96,39.3279,0.307603,0.609465,2052.23,39.4634,0.299407,0.640371,37.2703,0.135566,-0.00819631,0.0309058,1.84968,0.344708,
