tmc_corridor_name,demand_period,links,vol0,speed0,DoC0,max_P0,vol,speed,Doc,P,diff_vol,diff_spd,diff_Doc,diff_P,d%_vol,d%_spd,
201065AB,PM,1,3782.14,34.5767,0.737973,0.597487,4201.37,38.379,0.546516,0.359118,419.236,3.80232,-0.191456,-0.238369,11.0846,10.9968,
201065BA,PM,1,3281.94,38.9094,0.607767,0.666455,3633.45,41.4823,0.448574,0.398286,351.508,2.57293,-0.159193,-0.268169,10.7104,6.61261,
AZ-303-LOOP-NORTHBOUND,PM,8,1490.47,67.0395,0.110921,0.0397217,1496.92,67.0342,0.111305,0.0397217,6.45294,-0.00532532,0.000384504,0,0.432946,-0.00794355,
AZ-303-LOOP-SOUTHBOUND,PM,7,1465.22,67.0621,0.111224,0.0341904,1474.36,67.0539,0.111776,0.0341904,9.14237,-0.00820814,0.000551717,0,0.623959,-0.0122396,
US-60-EASTBOUND,PM,14,2556.12,38.1509,0.441318,2.09877,2733.07,37.9384,0.45357,2.09877,176.947,-0.212481,0.0122519,-9.12399e-09,6.92249,-0.556948,
US-60-WESTBOUND,PM,14,2516.69,38.3994,0.379194,0.666546,2680.09,38.2463,0.389542,0.791996,163.408,-0.153118,0.0103478,0.125451,6.49299,-0.398752,
